movieId,title
1,Movie 1
2,Movie 2
3,Movie 3
4,Movie 4
5,Movie 5
6,Movie 6
7,Movie 7
8,Movie 8
9,Movie 9
10,Movie 10
11,Movie 11
12,Movie 12
13,Movie 13
14,Movie 14
15,Movie 15
16,Movie 16
17,Movie 17
18,Movie 18
19,Movie 19
20,Movie 20
21,Movie 21
22,Movie 22
23,Movie 23
24,Movie 24
25,Movie 25
26,Movie 26
27,Movie 27
28,Movie 28
29,Movie 29
30,Movie 30
31,Movie 31
32,Movie 32
33,Movie 33
34,Movie 34
35,Movie 35
36,Movie 36
37,Movie 37
38,Movie 38
39,Movie 39
40,Movie 40
41,Movie 41
42,Movie 42
43,Movie 43
44,Movie 44
45,Movie 45
46,Movie 46
47,Movie 47
48,Movie 48
49,Movie 49
50,Movie 50
